[
  {
    "model": "sessions.session",
    "pk": "96zmqa7tlt569d9ajri2yb8wjoa5yb98",
    "fields": {
      "session_data": ".eJxVjEEOgjAQRe_StWCZlpa604s0M8OMEBMlIG6Md7caFrr8_-W9p8m43oe8LjLnsTcH0xMkTVYq8R4rnwJWnbqm4gYUia10lMzuVyPki1w_Lt9mqb9g--pjGaeN_0kDLkMxIiZtI2HwwEyNsms7a7Un65WQEgdooQ8SvAI5VRdjAATLDM56F0p0muUx3tYlT3iWktyb1xstUkP_:1oyxAA:rhFXpQrfOl7I0RVztEThwDCAsd5VP2Awxoancb23qDY",
      "expire_date": "2022-12-10T15:32:18.349Z"
    }
  },
  {
    "model": "sessions.session",
    "pk": "fupn793pswz64bzg28836gcm1l9xlok2",
    "fields": {
      "session_data": ".eJxVjEEOgjAQRe_StZC2DIVh6d4zkJnpVFADhmqiMd5dNC508zfvvf8wPV0vQ3_NuvRjNJ2J7DGh1UIBqAAMVLSpcoU4n4jFastoNr8Zkxx1-rQHmvZzKfN0WUYu30r5pbnczVFP26_7dzBQHtYa2qpufWySj5ULuA4IJgoi4hht7YnZ1xQQoKGoiCFaWIlUoLU6fp9mzXmcp15v53G5m84-X7KrSOY:1owRvU:PcTT_u1MKYrFzYdhJPQT8wgVG5KyVdCBRJI4bH6J3hc",
      "expire_date": "2022-12-03T17:46:48.730Z"
    }
  },
  {
    "model": "sites.site",
    "pk": 1,
    "fields": {
      "domain": "example.com",
      "name": "example.com"
    }
  },
  {
    "model": "accounts.customuser",
    "pk": "06dbc091-27a9-45d3-9221-739f120f3ff6",
    "fields": {
      "password": "",
      "last_login": null,
      "is_superuser": false,
      "type": "Military Person",
      "email": "shelby35@example.net",
      "phone": "122-316-8452",
      "is_staff": false,
      "is_active": true,
      "groups": [],
      "user_permissions": []
    }
  },
  {
    "model": "accounts.customuser",
    "pk": "0c91839a-26ac-432b-af5c-a2bfbed14c89",
    "fields": {
      "password": "pbkdf2_sha256$390000$4JLIx6SCehZGpQdoiQUzNh$6sLiiWPFb/wfAGa9CjeTt8AGDCmljbdYg+AZ61rKICg=",
      "last_login": "2022-11-26T08:54:47.324Z",
      "is_superuser": false,
      "type": "Civil Person",
      "email": null,
      "phone": "+380633333333",
      "is_staff": false,
      "is_active": true,
      "groups": [],
      "user_permissions": []
    }
  },
  {
    "model": "accounts.customuser",
    "pk": "185db603-5a69-452e-89b4-29a39ae48a2d",
    "fields": {
      "password": "",
      "last_login": null,
      "is_superuser": false,
      "type": "Single Volunteer",
      "email": "jacobmay@example.net",
      "phone": "001-905-767-9577x5968",
      "is_staff": false,
      "is_active": true,
      "groups": [],
      "user_permissions": []
    }
  },
  {
    "model": "accounts.customuser",
    "pk": "5279755b-53d5-464e-b381-bb0e4ad5dd50",
    "fields": {
      "password": "",
      "last_login": null,
      "is_superuser": false,
      "type": "Volunteers Organisation",
      "email": "tracyherrera@example.org",
      "phone": "001-137-906-6836x2238",
      "is_staff": false,
      "is_active": true,
      "groups": [],
      "user_permissions": []
    }
  },
  {
    "model": "accounts.customuser",
    "pk": "76f1ca83-0f81-47be-ad51-1718e951b19a",
    "fields": {
      "password": "",
      "last_login": null,
      "is_superuser": false,
      "type": "Military Person",
      "email": "rgraham@example.com",
      "phone": "+17656997126",
      "is_staff": false,
      "is_active": true,
      "groups": [],
      "user_permissions": []
    }
  },
  {
    "model": "accounts.customuser",
    "pk": "801f46a0-07fd-4383-bb00-79c13dab3b50",
    "fields": {
      "password": "pbkdf2_sha256$390000$fL5XE004yDw2rqmHZ4WAeH$fx0xXSwCQh127T9xeAcdhffzoaZykxQ/wwqHhg6eQlc=",
      "last_login": "2022-11-26T08:53:08.638Z",
      "is_superuser": false,
      "type": "Volunteers Organisation",
      "email": null,
      "phone": "+380630000500",
      "is_staff": false,
      "is_active": true,
      "groups": [],
      "user_permissions": []
    }
  },
  {
    "model": "accounts.customuser",
    "pk": "99046f3a-aa60-4bb4-b7e2-4fafa7caf9c2",
    "fields": {
      "password": "pbkdf2_sha256$390000$CbyJOhQgtaJyaB8SJHo5uL$rqV6lC+ViGw1SrrszSLFwBGMaD1I0TstH8ds+WPtYOI=",
      "last_login": "2022-11-20T13:53:46.093Z",
      "is_superuser": false,
      "type": "Military Person",
      "email": null,
      "phone": "+380670000005",
      "is_staff": false,
      "is_active": true,
      "groups": [],
      "user_permissions": []
    }
  },
  {
    "model": "accounts.customuser",
    "pk": "a0b823be-ab0f-427f-b6f1-525a83c58206",
    "fields": {
      "password": "!PvjhqJCL5mEJCYm9qikmtXS5S2ZOzEu419sZSV74",
      "last_login": "2022-11-19T19:19:26.077Z",
      "is_superuser": false,
      "type": "",
      "email": "aleksejvasilenko0@gmail.com",
      "phone": null,
      "is_staff": false,
      "is_active": true,
      "groups": [],
      "user_permissions": []
    }
  },
  {
    "model": "accounts.customuser",
    "pk": "db29f90e-e44a-496a-8f31-c12fabc0e8b9",
    "fields": {
      "password": "pbkdf2_sha256$390000$6kOGmI25xIhHynyVZa22js$na9aSjnk9j/ecRyD3Bg5e8pochaavgP5MlGKsKrF/fc=",
      "last_login": "2022-11-26T13:16:29.448Z",
      "is_superuser": true,
      "type": "Single Volunteer",
      "email": "admin@admin.com",
      "phone": null,
      "is_staff": true,
      "is_active": true,
      "groups": [],
      "user_permissions": []
    }
  },
  {
    "model": "accounts.customuser",
    "pk": "e85d9237-9f2e-4e54-ab5c-562951d3a838",
    "fields": {
      "password": "",
      "last_login": null,
      "is_superuser": false,
      "type": "Single Volunteer",
      "email": "heather55@example.com",
      "phone": "(096)410-9235",
      "is_staff": false,
      "is_active": true,
      "groups": [],
      "user_permissions": []
    }
  },
  {
    "model": "accounts.profile",
    "pk": 1,
    "fields": {
      "user": [
        "admin@admin.com"
      ],
      "photo": "",
      "name": null,
      "first_name": "Admin",
      "last_name": "Admin",
      "city": null,
      "unit": null
    }
  },
  {
    "model": "accounts.profile",
    "pk": 2,
    "fields": {
      "user": [
        "jacobmay@example.net"
      ],
      "photo": "profile/profile_default_4WE1pqX.png",
      "name": null,
      "first_name": null,
      "last_name": null,
      "city": null,
      "unit": null
    }
  },
  {
    "model": "accounts.profile",
    "pk": 3,
    "fields": {
      "user": [
        "shelby35@example.net"
      ],
      "photo": "profile/profile_default_HqgS8Wb.png",
      "name": null,
      "first_name": null,
      "last_name": null,
      "city": null,
      "unit": null
    }
  },
  {
    "model": "accounts.profile",
    "pk": 4,
    "fields": {
      "user": [
        "rgraham@example.com"
      ],
      "photo": "profile/profile_default_CnfSQQJ.png",
      "name": null,
      "first_name": null,
      "last_name": null,
      "city": null,
      "unit": null
    }
  },
  {
    "model": "accounts.profile",
    "pk": 5,
    "fields": {
      "user": [
        "tracyherrera@example.org"
      ],
      "photo": "profile/profile_default_MjcL259.png",
      "name": null,
      "first_name": null,
      "last_name": null,
      "city": null,
      "unit": null
    }
  },
  {
    "model": "accounts.profile",
    "pk": 6,
    "fields": {
      "user": [
        "heather55@example.com"
      ],
      "photo": "profile/margrethe-vestager.jpg",
      "name": null,
      "first_name": null,
      "last_name": null,
      "city": null,
      "unit": null
    }
  },
  {
    "model": "accounts.profile",
    "pk": 7,
    "fields": {
      "user": [
        "aleksejvasilenko0@gmail.com"
      ],
      "photo": "profile/profile_default_HrUoXZH.png",
      "name": null,
      "first_name": null,
      "last_name": null,
      "city": null,
      "unit": null
    }
  },
  {
    "model": "volunteering.category",
    "pk": 1,
    "fields": {
      "name": "Brother"
    }
  },
  {
    "model": "volunteering.category",
    "pk": 2,
    "fields": {
      "name": "Treat"
    }
  },
  {
    "model": "volunteering.category",
    "pk": 3,
    "fields": {
      "name": "Decision"
    }
  },
  {
    "model": "volunteering.category",
    "pk": 4,
    "fields": {
      "name": "Win"
    }
  },
  {
    "model": "volunteering.category",
    "pk": 5,
    "fields": {
      "name": "Although"
    }
  },
  {
    "model": "volunteering.category",
    "pk": 6,
    "fields": {
      "name": "Issue"
    }
  },
  {
    "model": "volunteering.category",
    "pk": 7,
    "fields": {
      "name": "Own"
    }
  },
  {
    "model": "volunteering.category",
    "pk": 8,
    "fields": {
      "name": "Simple"
    }
  },
  {
    "model": "volunteering.category",
    "pk": 9,
    "fields": {
      "name": "Open"
    }
  },
  {
    "model": "volunteering.category",
    "pk": 10,
    "fields": {
      "name": "Top"
    }
  },
  {
    "model": "volunteering.category",
    "pk": 11,
    "fields": {
      "name": "History"
    }
  },
  {
    "model": "volunteering.category",
    "pk": 12,
    "fields": {
      "name": "Site"
    }
  },
  {
    "model": "volunteering.category",
    "pk": 13,
    "fields": {
      "name": "Color"
    }
  },
  {
    "model": "volunteering.opportunity",
    "pk": 1,
    "fields": {
      "title": "Send",
      "description": "Clear my network process speech throw.",
      "photo": "opportunity/DYgkd.jpg",
      "city": "Kyaikto",
      "author": [
        "admin@admin.com"
      ],
      "date_created": "2022-11-19T11:31:30.874Z",
      "category": [
        1,
        3
      ]
    }
  },
  {
    "model": "volunteering.opportunity",
    "pk": 2,
    "fields": {
      "title": "Tax",
      "description": "Choice determine name its data happy somebody form degree cultural like bring.",
      "photo": "opportunity/8rQsd.jpg",
      "city": "Dalsingh Sarai",
      "author": [
        "admin@admin.com"
      ],
      "date_created": "2022-11-19T11:31:32.091Z",
      "category": [
        2,
        3,
        5
      ]
    }
  },
  {
    "model": "volunteering.opportunity",
    "pk": 3,
    "fields": {
      "title": "Yeah",
      "description": "Actually treatment century perhaps tax low describe money son team individual think.",
      "photo": "opportunity/aTSSA.jpg",
      "city": "Belper",
      "author": [
        "admin@admin.com"
      ],
      "date_created": "2022-11-19T11:31:32.500Z",
      "category": [
        1
      ]
    }
  },
  {
    "model": "volunteering.opportunity",
    "pk": 4,
    "fields": {
      "title": "Brother",
      "description": "Two international person ability difference happy wait method.",
      "photo": "opportunity/YR6lG.jpg",
      "city": "Bothell",
      "author": [
        "admin@admin.com"
      ],
      "date_created": "2022-11-19T11:31:32.741Z",
      "category": [
        2,
        4
      ]
    }
  },
  {
    "model": "volunteering.opportunity",
    "pk": 5,
    "fields": {
      "title": "Mother",
      "description": "Moment under manage under great what.",
      "photo": "opportunity/bjzDm.jpg",
      "city": "Thomasville",
      "author": [
        "admin@admin.com"
      ],
      "date_created": "2022-11-19T11:31:33.042Z",
      "category": [
        2,
        4
      ]
    }
  },
  {
    "model": "volunteering.opportunity",
    "pk": 6,
    "fields": {
      "title": "Cup",
      "description": "Mention until color remain gas it history whole event.",
      "photo": "opportunity/56B80.jpg",
      "city": "Aistala",
      "author": [
        "heather55@example.com"
      ],
      "date_created": "2022-11-26T13:17:28.213Z",
      "category": [
        3,
        4
      ]
    }
  },
  {
    "model": "volunteering.need",
    "pk": 1,
    "fields": {
      "title": "Performance",
      "description": "Structure same instead much special continue smile get want.",
      "photo": "need/Vqq7f.jpg",
      "price": "844637.00",
      "donation": "https://rodgers.com",
      "accounting": 3,
      "city": "Lino Lakes",
      "author": [
        "admin@admin.com"
      ],
      "is_satisfied": true,
      "date_created": "2022-11-19T11:31:35.622Z",
      "category": [
        5
      ]
    }
  },
  {
    "model": "volunteering.need",
    "pk": 2,
    "fields": {
      "title": "Those",
      "description": "System similar adult sit reduce thing family.",
      "photo": "need/lpW2E.jpg",
      "price": "178734.00",
      "donation": "https://reed-gregory.com",
      "accounting": 3,
      "city": "Markham",
      "author": [
        "admin@admin.com"
      ],
      "is_satisfied": true,
      "date_created": "2022-11-19T11:31:36.390Z",
      "category": [
        2,
        3
      ]
    }
  },
  {
    "model": "volunteering.need",
    "pk": 3,
    "fields": {
      "title": "Memory",
      "description": "Involve case list within research clear.",
      "photo": "need/4KotG.jpg",
      "price": "568781.00",
      "donation": "https://spencer.com",
      "accounting": 3,
      "city": "Kyaikto",
      "author": [
        "admin@admin.com"
      ],
      "is_satisfied": true,
      "date_created": "2022-11-19T11:31:36.938Z",
      "category": [
        1
      ]
    }
  },
  {
    "model": "volunteering.need",
    "pk": 4,
    "fields": {
      "title": "Mrs",
      "description": "Officer our then score show section film officer toward.",
      "photo": "need/nsfeG.jpg",
      "price": "826894.00",
      "donation": "https://collins.biz",
      "accounting": 3,
      "city": "Sharypovo",
      "author": [
        "admin@admin.com"
      ],
      "is_satisfied": true,
      "date_created": "2022-11-19T11:31:37.294Z",
      "category": [
        1,
        3,
        4
      ]
    }
  },
  {
    "model": "volunteering.need",
    "pk": 5,
    "fields": {
      "title": "Garden",
      "description": "Cold appear story window specific tax.",
      "photo": "need/ZD9bK.jpg",
      "price": "619896.00",
      "donation": "https://beck-williamson.com",
      "accounting": 1,
      "city": "Sector 6",
      "author": [
        "admin@admin.com"
      ],
      "is_satisfied": true,
      "date_created": "2022-11-19T11:31:38.393Z",
      "category": [
        1,
        4
      ]
    }
  },
  {
    "model": "volunteering.need",
    "pk": 6,
    "fields": {
      "title": "Tax",
      "description": "Choice determine name its data happy somebody form degree cultural like bring.",
      "photo": "need/b206X.jpg",
      "price": "435123.00",
      "donation": "https://brandt.info",
      "accounting": 2,
      "city": "Riverbank",
      "author": [
        "admin@admin.com"
      ],
      "is_satisfied": false,
      "date_created": "2022-11-19T11:31:38.624Z",
      "category": [
        4
      ]
    }
  },
  {
    "model": "volunteering.need",
    "pk": 7,
    "fields": {
      "title": "Five",
      "description": "Physical her put dog effect reason generation trip amount return.",
      "photo": "need/b2X3k.jpg",
      "price": "388630.00",
      "donation": "https://evans.org",
      "accounting": 8,
      "city": "Chanika",
      "author": [
        "admin@admin.com"
      ],
      "is_satisfied": false,
      "date_created": "2022-11-26T13:17:19.714Z",
      "category": [
        8
      ]
    }
  },
  {
    "model": "volunteering.need",
    "pk": 8,
    "fields": {
      "title": "Sister",
      "description": "Bad born eye different employee order economic be commercial.",
      "photo": "need/ZD6fx.jpg",
      "price": "608353.00",
      "donation": "https://olsen.info",
      "accounting": 5,
      "city": "Norco",
      "author": [
        "aleksejvasilenko0@gmail.com"
      ],
      "is_satisfied": false,
      "date_created": "2022-11-26T13:17:22.444Z",
      "category": [
        11,
        3,
        4,
        5
      ]
    }
  },
  {
    "model": "volunteering.need",
    "pk": 9,
    "fields": {
      "title": "Thank",
      "description": "Fear want election together memory chance first series.",
      "photo": "need/lAoL8.jpg",
      "price": "803250.00",
      "donation": "https://ellis-bradford.org",
      "accounting": 6,
      "city": "Viewpark",
      "author": [
        "tracyherrera@example.org"
      ],
      "is_satisfied": true,
      "date_created": "2022-11-26T13:17:23.167Z",
      "category": [
        5
      ]
    }
  },
  {
    "model": "volunteering.need",
    "pk": 10,
    "fields": {
      "title": "Foreign",
      "description": "Key moment court store offer building people few five number.",
      "photo": "need/HZknA.jpg",
      "price": "501914.00",
      "donation": "https://mora.com",
      "accounting": 6,
      "city": "Sukabumi",
      "author": [
        "shelby35@example.net"
      ],
      "is_satisfied": false,
      "date_created": "2022-11-26T13:17:23.637Z",
      "category": [
        1
      ]
    }
  },
  {
    "model": "volunteering.need",
    "pk": 11,
    "fields": {
      "title": "Throughout",
      "description": "Information daughter everyone sea should option conference.",
      "photo": "need/br6Vk.jpg",
      "price": "112510.00",
      "donation": "https://martinez.com",
      "accounting": 1,
      "city": "Salima",
      "author": [
        "admin@admin.com"
      ],
      "is_satisfied": true,
      "date_created": "2022-11-26T13:17:23.872Z",
      "category": [
        2
      ]
    }
  },
  {
    "model": "volunteering.accounting",
    "pk": 1,
    "fields": {
      "description": "Job black film religious shake yes actually treatment century perhaps tax.",
      "photo": "accounting/dUkX4.jpg",
      "author": [
        "admin@admin.com"
      ],
      "date_created": "2022-11-19T11:31:26.180Z"
    }
  },
  {
    "model": "volunteering.accounting",
    "pk": 2,
    "fields": {
      "description": "Almost remain feel become event draw best machine involve case list within.",
      "photo": "accounting/jMBZJ.jpg",
      "author": [
        "admin@admin.com"
      ],
      "date_created": "2022-11-19T11:31:27.562Z"
    }
  },
  {
    "model": "volunteering.accounting",
    "pk": 3,
    "fields": {
      "description": "Tell two international person ability difference happy.",
      "photo": "accounting/PgIDQ.jpg",
      "author": [
        "admin@admin.com"
      ],
      "date_created": "2022-11-19T11:31:27.893Z"
    }
  },
  {
    "model": "volunteering.accounting",
    "pk": 4,
    "fields": {
      "description": "Want drop those person pressure meet contain.",
      "photo": "accounting/8F6oc.jpg",
      "author": [
        "aleksejvasilenko0@gmail.com"
      ],
      "date_created": "2022-11-26T13:16:45.682Z"
    }
  },
  {
    "model": "volunteering.accounting",
    "pk": 5,
    "fields": {
      "description": "Land suggest style article pick report fish actually message best arrive.",
      "photo": "accounting/aNA7q.jpg",
      "author": [
        "heather55@example.com"
      ],
      "date_created": "2022-11-26T13:16:46.496Z"
    }
  },
  {
    "model": "volunteering.accounting",
    "pk": 6,
    "fields": {
      "description": "Want drop those person pressure meet contain.",
      "photo": "accounting/2dJq3.jpg",
      "author": [
        "aleksejvasilenko0@gmail.com"
      ],
      "date_created": "2022-11-26T13:16:47.074Z"
    }
  },
  {
    "model": "volunteering.accounting",
    "pk": 7,
    "fields": {
      "description": "Remain though key moment court store offer building people.",
      "photo": "accounting/xmkFU.jpg",
      "author": [
        "aleksejvasilenko0@gmail.com"
      ],
      "date_created": "2022-11-26T13:16:47.561Z"
    }
  },
  {
    "model": "volunteering.accounting",
    "pk": 8,
    "fields": {
      "description": "Land suggest style article pick report fish actually message best arrive.",
      "photo": "accounting/ez3UF.jpg",
      "author": [
        "tracyherrera@example.org"
      ],
      "date_created": "2022-11-26T13:16:48.021Z"
    }
  },
  {
    "model": "socialaccount.socialaccount",
    "pk": 1,
    "fields": {
      "user": [
        "aleksejvasilenko0@gmail.com"
      ],
      "provider": "google",
      "uid": "103091639586726212325",
      "last_login": "2022-11-19T19:19:26.042Z",
      "date_joined": "2022-11-19T19:19:26.042Z",
      "extra_data": "{\"id\": \"103091639586726212325\", \"email\": \"aleksejvasilenko0@gmail.com\", \"verified_email\": true, \"name\": \"\\u0410\\u043b\\u0435\\u043a\\u0441\\u0435\\u0439 \\u0412\\u0430\\u0441\\u0438\\u043b\\u0435\\u043d\\u043a\\u043e\", \"given_name\": \"\\u0410\\u043b\\u0435\\u043a\\u0441\\u0435\\u0439\", \"family_name\": \"\\u0412\\u0430\\u0441\\u0438\\u043b\\u0435\\u043d\\u043a\\u043e\", \"picture\": \"https://lh3.googleusercontent.com/a/ALm5wu1J0SqzSJmh-DfFUV73gV_O4TMpiA6F297Vk1eC=s96-c\", \"locale\": \"ru\"}"
    }
  },
  {
    "model": "account.emailaddress",
    "pk": 1,
    "fields": {
      "user": [
        "aleksejvasilenko0@gmail.com"
      ],
      "email": "aleksejvasilenko0@gmail.com",
      "verified": true,
      "primary": true
    }
  },
  {
    "model": "admin.logentry",
    "pk": 1,
    "fields": {
      "action_time": "2022-11-19T19:14:39.758Z",
      "user": [
        "admin@admin.com"
      ],
      "content_type": [
        "accounts",
        "profile"
      ],
      "object_id": "6",
      "object_repr": "Profile object (6)",
      "action_flag": 2,
      "change_message": "[{\"changed\": {\"fields\": [\"Photo\"]}}]"
    }
  },
  {
    "model": "admin.logentry",
    "pk": 2,
    "fields": {
      "action_time": "2022-11-19T19:16:28.835Z",
      "user": [
        "admin@admin.com"
      ],
      "content_type": [
        "accounts",
        "profile"
      ],
      "object_id": "5",
      "object_repr": "tracyherrera@example.org",
      "action_flag": 2,
      "change_message": "[{\"changed\": {\"fields\": [\"Photo\"]}}]"
    }
  },
  {
    "model": "admin.logentry",
    "pk": 3,
    "fields": {
      "action_time": "2022-11-19T21:00:00.174Z",
      "user": [
        "admin@admin.com"
      ],
      "content_type": [
        "accounts",
        "customuser"
      ],
      "object_id": "db29f90e-e44a-496a-8f31-c12fabc0e8b9",
      "object_repr": "admin@admin.com",
      "action_flag": 2,
      "change_message": "[{\"changed\": {\"fields\": [\"Type\"]}}]"
    }
  },
  {
    "model": "admin.logentry",
    "pk": 4,
    "fields": {
      "action_time": "2022-11-26T14:00:15.815Z",
      "user": [
        "admin@admin.com"
      ],
      "content_type": [
        "accounts",
        "profile"
      ],
      "object_id": "9",
      "object_repr": "+380630000500",
      "action_flag": 2,
      "change_message": "[{\"changed\": {\"fields\": [\"Photo\"]}}]"
    }
  },
  {
    "model": "admin.logentry",
    "pk": 5,
    "fields": {
      "action_time": "2022-11-26T14:00:27.850Z",
      "user": [
        "admin@admin.com"
      ],
      "content_type": [
        "accounts",
        "profile"
      ],
      "object_id": "5",
      "object_repr": "tracyherrera@example.org",
      "action_flag": 2,
      "change_message": "[{\"changed\": {\"fields\": [\"Photo\"]}}]"
    }
  },
  {
    "model": "admin.logentry",
    "pk": 6,
    "fields": {
      "action_time": "2022-11-26T14:00:48.716Z",
      "user": [
        "admin@admin.com"
      ],
      "content_type": [
        "accounts",
        "profile"
      ],
      "object_id": "2",
      "object_repr": "jacobmay@example.net",
      "action_flag": 2,
      "change_message": "[{\"changed\": {\"fields\": [\"Photo\"]}}]"
    }
  },
  {
    "model": "admin.logentry",
    "pk": 7,
    "fields": {
      "action_time": "2022-11-26T14:00:52.981Z",
      "user": [
        "admin@admin.com"
      ],
      "content_type": [
        "accounts",
        "profile"
      ],
      "object_id": "1",
      "object_repr": "admin@admin.com",
      "action_flag": 2,
      "change_message": "[{\"changed\": {\"fields\": [\"Photo\"]}}]"
    }
  },
  {
    "model": "admin.logentry",
    "pk": 8,
    "fields": {
      "action_time": "2022-11-26T14:08:43.473Z",
      "user": [
        "admin@admin.com"
      ],
      "content_type": [
        "accounts",
        "profile"
      ],
      "object_id": "9",
      "object_repr": "+380630000500",
      "action_flag": 2,
      "change_message": "[{\"changed\": {\"fields\": [\"Photo\"]}}]"
    }
  },
  {
    "model": "admin.logentry",
    "pk": 9,
    "fields": {
      "action_time": "2022-11-26T14:08:52.045Z",
      "user": [
        "admin@admin.com"
      ],
      "content_type": [
        "accounts",
        "profile"
      ],
      "object_id": "8",
      "object_repr": "+380670000005",
      "action_flag": 2,
      "change_message": "[{\"changed\": {\"fields\": [\"Photo\"]}}]"
    }
  },
  {
    "model": "admin.logentry",
    "pk": 10,
    "fields": {
      "action_time": "2022-11-26T14:09:02.046Z",
      "user": [
        "admin@admin.com"
      ],
      "content_type": [
        "accounts",
        "profile"
      ],
      "object_id": "7",
      "object_repr": "aleksejvasilenko0@gmail.com",
      "action_flag": 2,
      "change_message": "[{\"changed\": {\"fields\": [\"Photo\"]}}]"
    }
  },
  {
    "model": "admin.logentry",
    "pk": 11,
    "fields": {
      "action_time": "2022-11-26T14:09:15.150Z",
      "user": [
        "admin@admin.com"
      ],
      "content_type": [
        "accounts",
        "profile"
      ],
      "object_id": "5",
      "object_repr": "tracyherrera@example.org",
      "action_flag": 2,
      "change_message": "[{\"changed\": {\"fields\": [\"Photo\"]}}]"
    }
  },
  {
    "model": "admin.logentry",
    "pk": 12,
    "fields": {
      "action_time": "2022-11-26T14:09:21.362Z",
      "user": [
        "admin@admin.com"
      ],
      "content_type": [
        "accounts",
        "profile"
      ],
      "object_id": "4",
      "object_repr": "rgraham@example.com",
      "action_flag": 2,
      "change_message": "[{\"changed\": {\"fields\": [\"Photo\"]}}]"
    }
  },
  {
    "model": "admin.logentry",
    "pk": 13,
    "fields": {
      "action_time": "2022-11-26T14:09:32.463Z",
      "user": [
        "admin@admin.com"
      ],
      "content_type": [
        "accounts",
        "profile"
      ],
      "object_id": "3",
      "object_repr": "shelby35@example.net",
      "action_flag": 2,
      "change_message": "[{\"changed\": {\"fields\": [\"Photo\"]}}]"
    }
  },
  {
    "model": "admin.logentry",
    "pk": 14,
    "fields": {
      "action_time": "2022-11-26T14:09:42.595Z",
      "user": [
        "admin@admin.com"
      ],
      "content_type": [
        "accounts",
        "profile"
      ],
      "object_id": "2",
      "object_repr": "jacobmay@example.net",
      "action_flag": 2,
      "change_message": "[{\"changed\": {\"fields\": [\"Photo\"]}}]"
    }
  },
  {
    "model": "admin.logentry",
    "pk": 15,
    "fields": {
      "action_time": "2022-11-26T14:09:52.119Z",
      "user": [
        "admin@admin.com"
      ],
      "content_type": [
        "accounts",
        "profile"
      ],
      "object_id": "1",
      "object_repr": "admin@admin.com",
      "action_flag": 2,
      "change_message": "[{\"changed\": {\"fields\": [\"Photo\"]}}]"
    }
  }
]